{"cameraMode":{"drawMode":0,"name":"Shaded","section":"Shading Mode"},"sceneLighting":true,"audioPlay":false,"sceneViewState":{"m_AlwaysRefresh":false,"showFog":true,"showSkybox":true,"showFlares":true,"showImageEffects":true,"showParticleSystems":true,"showVisualEffectGraphs":true,"m_FxEnabled":true},"in2DMode":false,"pivot":{"x":0.23890221118927003,"y":100.06938934326172,"z":-1.8090341091156006},"rotation":{"x":0.1538756638765335,"y":-0.08276708424091339,"z":0.014331353828310967,"w":0.9848249554634094},"size":278.66912841796877,"orthographic":false}