{"cameraMode":{"drawMode":0,"name":"Shaded","section":"Shading Mode"},"sceneLighting":false,"audioPlay":false,"sceneViewState":{"m_AlwaysRefresh":false,"showFog":true,"showSkybox":false,"showFlares":true,"showImageEffects":true,"showParticleSystems":true,"showVisualEffectGraphs":true,"m_FxEnabled":true},"in2DMode":false,"pivot":{"x":64.2388687133789,"y":165.3905792236328,"z":89.14356994628906},"rotation":{"x":0.0003129275282844901,"y":0.0041450560092926029,"z":0.0003426915209274739,"w":1.0002583265304566},"size":1.2883679866790772,"orthographic":false}